WHENEVER SQLERROR EXIT FAILURE;
ALTER SESSION SET CURRENT_SCHEMA = CRONOS;
SET SCAN OFF;
SET ECHO ON;

------------------------------------------------------------------
-- DELETE DEFAULT
------------------------------------------------------------------
delete from TAXONOMIA_CATEGORIA;
delete from TAXONOMIA_ETIQUETA_GT;
delete from TAXONOMIA_SENTENCA;
delete from TAXONOMIA_USUARIO;
------------------------------------------------------------------
commit;
------------------------------------------------------------------
delete from ELEMENTO_IGT;
delete from ETIQUETA_GT;
delete from CONFIGURACAO;
delete from ALEGACAO_GT;
delete from SENTENCA_GT;
------------------------------------------------------------------
commit;
------------------------------------------------------------------
delete from TIPO_ALEGACAO;
delete from TIPO_ELEMENTO;
delete from TOKEN;
------------------------------------------------------------------
commit;
------------------------------------------------------------------
delete from CATEGORIA_ITEM;
------------------------------------------------------------------
commit;
------------------------------------------------------------------
delete from ICONES_PERSONAL;
------------------------------------------------------------------
commit;
------------------------------------------------------------------
delete from GRUPO_DE_TRABALHO;
------------------------------------------------------------------
commit;
------------------------------------------------------------------
delete from TIPO_CATEGORIA;
------------------------------------------------------------------
commit;
------------------------------------------------------------------
delete from USUARIO;
------------------------------------------------------------------
commit;
------------------------------------------------------------------
------------------------------------------------------------------
-- EVOLUCAO DAS SEQUENCE
------------------------------------------------------------------
select CRONOS.SEQ_GRUPO_TRABALHO.NEXTVAL FROM DUAL;
------------------------------------------------------------------
commit;
------------------------------------------------------------------
select CRONOS.SE_USUARIO.NEXTVAL FROM DUAL;
select CRONOS.SE_USUARIO.NEXTVAL FROM DUAL;
------------------------------------------------------------------
commit;
------------------------------------------------------------------
select CRONOS.SEQ_TIPO_CATEGORIA.nextval FROM DUAL;
select CRONOS.SEQ_TIPO_CATEGORIA.nextval FROM DUAL;
select CRONOS.SEQ_TIPO_CATEGORIA.nextval FROM DUAL;
select CRONOS.SEQ_TIPO_CATEGORIA.nextval FROM DUAL;
------------------------------------------------------------------
commit;
------------------------------------------------------------------
select CRONOS.SEQ_CATEGORIA_ITEM.nextval FROM DUAL;
select CRONOS.SEQ_CATEGORIA_ITEM.nextval FROM DUAL;
select CRONOS.SEQ_CATEGORIA_ITEM.nextval FROM DUAL;
------------------------------------------------------------------
commit;
------------------------------------------------------------------
select CRONOS.SEQ_TIPO_ALEGACAO.nextval FROM DUAL;
select CRONOS.SEQ_TIPO_ALEGACAO.nextval FROM DUAL;
select CRONOS.SEQ_TIPO_ALEGACAO.nextval FROM DUAL;
select CRONOS.SEQ_TIPO_ALEGACAO.nextval FROM DUAL;
select CRONOS.SEQ_TIPO_ALEGACAO.nextval FROM DUAL;
select CRONOS.SEQ_TIPO_ALEGACAO.nextval FROM DUAL;
select CRONOS.SEQ_TIPO_ALEGACAO.nextval FROM DUAL;
select CRONOS.SEQ_TIPO_ALEGACAO.nextval FROM DUAL;
select CRONOS.SEQ_TIPO_ALEGACAO.nextval FROM DUAL;
select CRONOS.SEQ_TIPO_ALEGACAO.nextval FROM DUAL;
select CRONOS.SEQ_TIPO_ALEGACAO.nextval FROM DUAL;
select CRONOS.SEQ_TIPO_ALEGACAO.nextval FROM DUAL;
select CRONOS.SEQ_TIPO_ALEGACAO.nextval FROM DUAL;
select CRONOS.SEQ_TIPO_ALEGACAO.nextval FROM DUAL;
select CRONOS.SEQ_TIPO_ALEGACAO.nextval FROM DUAL;
select CRONOS.SEQ_TIPO_ALEGACAO.nextval FROM DUAL;
select CRONOS.SEQ_TIPO_ALEGACAO.nextval FROM DUAL;
select CRONOS.SEQ_TIPO_ALEGACAO.nextval FROM DUAL;
select CRONOS.SEQ_TIPO_ALEGACAO.nextval FROM DUAL;
select CRONOS.SEQ_TIPO_ALEGACAO.nextval FROM DUAL;
select CRONOS.SEQ_TIPO_ALEGACAO.nextval FROM DUAL;
select CRONOS.SEQ_TIPO_ALEGACAO.nextval FROM DUAL;
select CRONOS.SEQ_TIPO_ALEGACAO.nextval FROM DUAL;
------------------------------------------------------------------
commit;
------------------------------------------------------------------
select CRONOS.SEQ_TAXONOMIA_USUARIO.nextval FROM DUAL;
------------------------------------------------------------------
commit;
------------------------------------------------------------------
-- INSERT DEFAULT
-------- TOKEN ---------------------------------------------------
Insert into CRONOS.TOKEN 
(PK_TOKEN_01,LABEL,TABELA,CAMPO,FUNCAO,DATA_CRIACAO,VERSAO_REGISTRO,IN_SITUACAO_REGISTRO,NM_ULT_ALTERACAO,DT_ULT_ALTERACAO,METODO,NOME) 
values 
(CRONOS.SEQ_TOKEN.nextval,'#[PROCESSO_CLASSE]#','ws_cpu','classeCNJ',null,SYSDATE,0,'A','CRONOS',SYSDATE,null,'PROCESSO_CLASSE');
--
Insert into CRONOS.TOKEN 
(PK_TOKEN_01,LABEL,TABELA,CAMPO,FUNCAO,DATA_CRIACAO,VERSAO_REGISTRO,IN_SITUACAO_REGISTRO,NM_ULT_ALTERACAO,DT_ULT_ALTERACAO,METODO,NOME) 
values 
(CRONOS.SEQ_TOKEN.nextval,'#[PROCESSO_CNJ]#','ws_cpu','numeroCNJ',null,SYSDATE,0,'A','CRONOS',SYSDATE,null,'PROCESSO_CNJ');
--
Insert into CRONOS.TOKEN 
(PK_TOKEN_01,LABEL,TABELA,CAMPO,FUNCAO,DATA_CRIACAO,VERSAO_REGISTRO,IN_SITUACAO_REGISTRO,NM_ULT_ALTERACAO,DT_ULT_ALTERACAO,METODO,NOME) 
values 
(CRONOS.SEQ_TOKEN.nextval,'#[VARA]#','ws_cpu','vara',null,SYSDATE,0,'A','CRONOS',SYSDATE,null,'VARA');
--
Insert into CRONOS.TOKEN 
(PK_TOKEN_01,LABEL,TABELA,CAMPO,FUNCAO,DATA_CRIACAO,VERSAO_REGISTRO,IN_SITUACAO_REGISTRO,NM_ULT_ALTERACAO,DT_ULT_ALTERACAO,METODO,NOME) 
values 
(CRONOS.SEQ_TOKEN.nextval,'#[COMARCA]#','ws_cpu','comarca',null,SYSDATE,0,'A','CRONOS',SYSDATE,null,'COMARCA');
--
Insert into CRONOS.TOKEN 
(PK_TOKEN_01,LABEL,TABELA,CAMPO,FUNCAO,DATA_CRIACAO,VERSAO_REGISTRO,IN_SITUACAO_REGISTRO,NM_ULT_ALTERACAO,DT_ULT_ALTERACAO,METODO,NOME) 
values 
(CRONOS.SEQ_TOKEN.nextval,'#[JUIZADO]#','ws_cpu','juizado',null,SYSDATE,0,'A','CRONOS',SYSDATE,null,'JUIZADO');
--
Insert into CRONOS.TOKEN 
(PK_TOKEN_01,LABEL,TABELA,CAMPO,FUNCAO,DATA_CRIACAO,VERSAO_REGISTRO,IN_SITUACAO_REGISTRO,NM_ULT_ALTERACAO,DT_ULT_ALTERACAO,METODO,NOME) 
values 
(CRONOS.SEQ_TOKEN.nextval,'#[AUTOR_TODOS]#','ws_cpu','autorTodos',null,SYSDATE,0,'A','CRONOS',SYSDATE,null,'AUTOR(TODOS)');
--
Insert into CRONOS.TOKEN 
(PK_TOKEN_01,LABEL,TABELA,CAMPO,FUNCAO,DATA_CRIACAO,VERSAO_REGISTRO,IN_SITUACAO_REGISTRO,NM_ULT_ALTERACAO,DT_ULT_ALTERACAO,METODO,NOME) 
values 
(CRONOS.SEQ_TOKEN.nextval,'#[REU_TODOS]#','ws_cpu','reuTodos',null,SYSDATE,0,'A','CRONOS',SYSDATE,null,'REU(TODOS)');
--
Insert into CRONOS.TOKEN 
(PK_TOKEN_01,LABEL,TABELA,CAMPO,FUNCAO,DATA_CRIACAO,VERSAO_REGISTRO,IN_SITUACAO_REGISTRO,NM_ULT_ALTERACAO,DT_ULT_ALTERACAO,METODO,NOME) 
values 
(CRONOS.SEQ_TOKEN.nextval,'#[PROCESSO_ASSUNTO]#','ws_cpu','assuntoCNJ',null,SYSDATE,0,'A','CRONOS',SYSDATE,null,'PROCESSO_ASSUNTO');
--
Insert into CRONOS.TOKEN 
(PK_TOKEN_01,LABEL,TABELA,CAMPO,FUNCAO,DATA_CRIACAO,VERSAO_REGISTRO,IN_SITUACAO_REGISTRO,NM_ULT_ALTERACAO,DT_ULT_ALTERACAO,METODO,NOME) 
values 
(CRONOS.SEQ_TOKEN.nextval,'#[VALOR_ACAO]#','ws_cpu','valorAcao',null,SYSDATE,0,'A','CRONOS',SYSDATE,null,'VALOR_ACAO');

Insert into CRONOS.TOKEN 
(PK_TOKEN_01,LABEL,TABELA,CAMPO,FUNCAO,DATA_CRIACAO,VERSAO_REGISTRO,IN_SITUACAO_REGISTRO,NM_ULT_ALTERACAO,DT_ULT_ALTERACAO,METODO,NOME) 
values 
(CRONOS.SEQ_TOKEN.nextval,'#[AUTOR_OUTROS]#','ws_cpu','autorOutros',null,SYSDATE,0,'A','CRONOS',SYSDATE,null,'AUTOR_OUTROS');

Insert into CRONOS.TOKEN 
(PK_TOKEN_01,LABEL,TABELA,CAMPO,FUNCAO,DATA_CRIACAO,VERSAO_REGISTRO,IN_SITUACAO_REGISTRO,NM_ULT_ALTERACAO,DT_ULT_ALTERACAO,METODO,NOME) 
values 
(CRONOS.SEQ_TOKEN.nextval,'#[REU_OUTROS]#','ws_cpu','reuOutros',null,SYSDATE,0,'A','CRONOS',SYSDATE,null,'REU_OUTROS');

-------- TOKEN ---------------------------------------------------
commit;
-------- TIPO_CATEGORIA ------------------------------------------
Insert into CRONOS.TIPO_CATEGORIA 
(PK_TIPO_CATEGORIA_01,NOME,DATA_CRIACAO,VERSAO_REGISTRO,IN_SITUACAO_REGISTRO,NM_ULT_ALTERACAO,DT_ULT_ALTERACAO) 
values 
(1,'Tópicos',SYSDATE,3,'A','CRONOS',SYSDATE);
--
Insert into CRONOS.TIPO_CATEGORIA 
(PK_TIPO_CATEGORIA_01,NOME,DATA_CRIACAO,VERSAO_REGISTRO,IN_SITUACAO_REGISTRO,NM_ULT_ALTERACAO,DT_ULT_ALTERACAO) 
values 
(2,'Modelos',SYSDATE,1,'A','CRONOS',SYSDATE);
--
Insert into CRONOS.TIPO_CATEGORIA 
(PK_TIPO_CATEGORIA_01,NOME,DATA_CRIACAO,VERSAO_REGISTRO,IN_SITUACAO_REGISTRO,NM_ULT_ALTERACAO,DT_ULT_ALTERACAO) 
values 
(3,'Sentenças',SYSDATE,1,'A','CRONOS',SYSDATE);
--
Insert into CRONOS.TIPO_CATEGORIA 
(PK_TIPO_CATEGORIA_01,NOME,DATA_CRIACAO,VERSAO_REGISTRO,IN_SITUACAO_REGISTRO,NM_ULT_ALTERACAO,DT_ULT_ALTERACAO) 
values 
(4,'Item',SYSDATE,1,'A','CRONOS',SYSDATE);
-------- TIPO_CATEGORIA ------------------------------------------
commit;
-------- TIPO_ELEMENTO -------------------------------------------
Insert into CRONOS.TIPO_ELEMENTO 
(PK_TIPO_ELEMENTO_01,NOME_ITEM,ALINHAMENTO,RECUO,ID_ICONE_EDOCS,ICONE_PADRAO,DATA_CRIACAO,VERSAO_REGISTRO,IN_SITUACAO_REGISTRO,NM_ULT_ALTERACAO,DT_ULT_ALTERACAO) 
values 
(CRONOS.SEQ_TIPO_ELEMENTO.nextval,'Ementa','C',24,1,'1',SYSDATE,1,'A','CRONOS',SYSDATE);
--
Insert into CRONOS.TIPO_ELEMENTO 
(PK_TIPO_ELEMENTO_01,NOME_ITEM,ALINHAMENTO,RECUO,ID_ICONE_EDOCS,ICONE_PADRAO,DATA_CRIACAO,VERSAO_REGISTRO,IN_SITUACAO_REGISTRO,NM_ULT_ALTERACAO,DT_ULT_ALTERACAO) 
values 
(CRONOS.SEQ_TIPO_ELEMENTO.nextval,'Relatório','C',0,null,null,SYSDATE,4,'A','CRONOS',SYSDATE);
--
Insert into CRONOS.TIPO_ELEMENTO 
(PK_TIPO_ELEMENTO_01,NOME_ITEM,ALINHAMENTO,RECUO,ID_ICONE_EDOCS,ICONE_PADRAO,DATA_CRIACAO,VERSAO_REGISTRO,IN_SITUACAO_REGISTRO,NM_ULT_ALTERACAO,DT_ULT_ALTERACAO) 
values 
(CRONOS.SEQ_TIPO_ELEMENTO.nextval,'Fundamento','C',0,null,null,SYSDATE,1,'A','CRONOS',SYSDATE);
--
Insert into CRONOS.TIPO_ELEMENTO 
(PK_TIPO_ELEMENTO_01,NOME_ITEM,ALINHAMENTO,RECUO,ID_ICONE_EDOCS,ICONE_PADRAO,DATA_CRIACAO,VERSAO_REGISTRO,IN_SITUACAO_REGISTRO,NM_ULT_ALTERACAO,DT_ULT_ALTERACAO) 
values 
(CRONOS.SEQ_TIPO_ELEMENTO.nextval,'Dispositivo','C',0,null,null,SYSDATE,1,'A','CRONOS',SYSDATE);
--
Insert into CRONOS.TIPO_ELEMENTO 
(PK_TIPO_ELEMENTO_01,NOME_ITEM,ALINHAMENTO,RECUO,ID_ICONE_EDOCS,ICONE_PADRAO,DATA_CRIACAO,VERSAO_REGISTRO,IN_SITUACAO_REGISTRO,NM_ULT_ALTERACAO,DT_ULT_ALTERACAO) 
values 
(CRONOS.SEQ_TIPO_ELEMENTO.nextval,'Voto','C',0,null,null,SYSDATE,1,'A','CRONOS',SYSDATE);
--
Insert into CRONOS.TIPO_ELEMENTO 
(PK_TIPO_ELEMENTO_01,NOME_ITEM,ALINHAMENTO,RECUO,ID_ICONE_EDOCS,ICONE_PADRAO,DATA_CRIACAO,VERSAO_REGISTRO,IN_SITUACAO_REGISTRO,NM_ULT_ALTERACAO,DT_ULT_ALTERACAO) 
values 
(CRONOS.SEQ_TIPO_ELEMENTO.nextval,'Texto Livre','C',0,null,null,SYSDATE,1,'A','CRONOS',SYSDATE);
-------- TIPO_ELEMENTO -------------------------------------------
commit;
-------- TIPO_ALEGACAO -------------------------------------------
Insert into CRONOS.TIPO_ALEGACAO 
(PK_ALEGA_01,QUEM_ALEGA,DATA_CRIACAO,VERSAO_REGISTRO,IN_SITUACAO_REGISTRO,NM_ULT_ALTERACAO,DT_ULT_ALTERACAO,LABEL) 
values 
(1,'Apelado',sysdate,0,'A','CRONOS',sysdate,'#[qa_apelado]#');
--
Insert into CRONOS.TIPO_ALEGACAO 
(PK_ALEGA_01,QUEM_ALEGA,DATA_CRIACAO,VERSAO_REGISTRO,IN_SITUACAO_REGISTRO,NM_ULT_ALTERACAO,DT_ULT_ALTERACAO,LABEL) 
values 
(2,'Apelante',sysdate,0,'A','CRONOS',sysdate,'#[qa_apelante]#');
--
Insert into CRONOS.TIPO_ALEGACAO 
(PK_ALEGA_01,QUEM_ALEGA,DATA_CRIACAO,VERSAO_REGISTRO,IN_SITUACAO_REGISTRO,NM_ULT_ALTERACAO,DT_ULT_ALTERACAO,LABEL) 
values 
(3,'Agravado',sysdate,0,'A','CRONOS',sysdate,'#[qa_agravado]#');
--
Insert into CRONOS.TIPO_ALEGACAO 
(PK_ALEGA_01,QUEM_ALEGA,DATA_CRIACAO,VERSAO_REGISTRO,IN_SITUACAO_REGISTRO,NM_ULT_ALTERACAO,DT_ULT_ALTERACAO,LABEL) 
values 
(4,'Autor',sysdate,0,'A','CRONOS',sysdate,'#[qa_autor]#');
--
Insert into CRONOS.TIPO_ALEGACAO 
(PK_ALEGA_01,QUEM_ALEGA,DATA_CRIACAO,VERSAO_REGISTRO,IN_SITUACAO_REGISTRO,NM_ULT_ALTERACAO,DT_ULT_ALTERACAO,LABEL) 
values 
(5,'Agravante',sysdate,0,'A','CRONOS',sysdate,'#[qa_agravante]#');
--
Insert into CRONOS.TIPO_ALEGACAO 
(PK_ALEGA_01,QUEM_ALEGA,DATA_CRIACAO,VERSAO_REGISTRO,IN_SITUACAO_REGISTRO,NM_ULT_ALTERACAO,DT_ULT_ALTERACAO,LABEL) 
values 
(6,'Autoridade Coatora',sysdate,0,'A','CRONOS',sysdate,'#[qa_coatora]#');
--
Insert into CRONOS.TIPO_ALEGACAO 
(PK_ALEGA_01,QUEM_ALEGA,DATA_CRIACAO,VERSAO_REGISTRO,IN_SITUACAO_REGISTRO,NM_ULT_ALTERACAO,DT_ULT_ALTERACAO,LABEL) 
values 
(7,'Embargado',sysdate,0,'A','CRONOS',sysdate,'#[qa_embargado]#');
--
Insert into CRONOS.TIPO_ALEGACAO 
(PK_ALEGA_01,QUEM_ALEGA,DATA_CRIACAO,VERSAO_REGISTRO,IN_SITUACAO_REGISTRO,NM_ULT_ALTERACAO,DT_ULT_ALTERACAO,LABEL) 
values 
(8,'Defesa',sysdate,0,'A','CRONOS',sysdate,'#[qa_defesa]#');
--
Insert into CRONOS.TIPO_ALEGACAO 
(PK_ALEGA_01,QUEM_ALEGA,DATA_CRIACAO,VERSAO_REGISTRO,IN_SITUACAO_REGISTRO,NM_ULT_ALTERACAO,DT_ULT_ALTERACAO,LABEL) 
values 
(9,'Embargante',sysdate,0,'A','CRONOS',sysdate,'#[qa_embargante]#');
--
Insert into CRONOS.TIPO_ALEGACAO 
(PK_ALEGA_01,QUEM_ALEGA,DATA_CRIACAO,VERSAO_REGISTRO,IN_SITUACAO_REGISTRO,NM_ULT_ALTERACAO,DT_ULT_ALTERACAO,LABEL) 
values 
(10,'Impetrante',sysdate,0,'A','CRONOS',sysdate,'#[qa_impetrante]#');
--
Insert into CRONOS.TIPO_ALEGACAO 
(PK_ALEGA_01,QUEM_ALEGA,DATA_CRIACAO,VERSAO_REGISTRO,IN_SITUACAO_REGISTRO,NM_ULT_ALTERACAO,DT_ULT_ALTERACAO,LABEL) 
values 
(11,'Ministério Público',sysdate,0,'A','CRONOS',sysdate,'#[qa_ministerio]#');
--
Insert into CRONOS.TIPO_ALEGACAO 
(PK_ALEGA_01,QUEM_ALEGA,DATA_CRIACAO,VERSAO_REGISTRO,IN_SITUACAO_REGISTRO,NM_ULT_ALTERACAO,DT_ULT_ALTERACAO,LABEL) 
values 
(12,'Réu',sysdate,0,'A','CRONOS',sysdate,'#[qa_reu]#');
-------- TIPO_ALEGACAO -------------------------------------------
commit;
-------- USUARIO -------------------------------------------------
Insert into CRONOS.USUARIO 
(PK_USUARIO_01,CPF,LOGIN,NOME,MAGISTRADO,PERMISSOES,PAI,PADRAO,DATA_CRIACAO,VERSAO_REGISTRO,IN_SITUACAO_REGISTRO,NM_ULT_ALTERACAO,DT_ULT_ALTERACAO,ACEITA_TERMO)
values 
('1','86750453600','analistafs01','USUARIO COM FLAG PADRÃO','S','A',null,'S',SYSDATE,'4','A','analistafs01',SYSDATE,'S');
--
Insert into CRONOS.USUARIO 
(PK_USUARIO_01,CPF,LOGIN,NOME,MAGISTRADO,PERMISSOES,PAI,PADRAO,DATA_CRIACAO,VERSAO_REGISTRO,IN_SITUACAO_REGISTRO,NM_ULT_ALTERACAO,DT_ULT_ALTERACAO,ACEITA_TERMO) 
values 
('2','12345678909','CRONOS','Usuário da Aplicação','S','A',null,'N',SYSDATE,'0','A','CRONOS',SYSDATE,'S');
-------- USUARIO -------------------------------------------------
commit;
-------- GRUPO_DE_TRABALHO ---------------------------------------
Insert into CRONOS.GRUPO_DE_TRABALHO 
(PK_GRUPO_DE_TRABALHO_01,ID_USUARIO,ORDEM,ID_ICONE_EDOCS,ICONE_PADRAO,DATA_CRIACAO,VERSAO_REGISTRO,IN_SITUACAO_REGISTRO,NM_ULT_ALTERACAO,DT_ULT_ALTERACAO) 
values 
(1,1,1,1,'1',SYSDATE,1,'A','CRONOS',SYSDATE);
-------- GRUPO_DE_TRABALHO ---------------------------------------
commit;
-------- CONFIGURACAO --------------------------------------------
Insert into CRONOS.CONFIGURACAO 
(PK_CONFIGURACAO_01,ID_GRUPO_TRABALHO,PERMITE_EDITAR_MENU,DATA_CRIACAO,VERSAO_REGISTRO,IN_SITUACAO_REGISTRO,NM_ULT_ALTERACAO,DT_ULT_ALTERACAO) 
values 
(CRONOS.SEQ_CONFIGURACAO.nextval,1,'N',SYSDATE,0,'A','CRONOS',SYSDATE);
-------- CONFIGURACAO --------------------------------------------
commit;
-------- ALEGACAO ------------------------------------------------
Insert into CRONOS.ALEGACAO_GT
(PK_ALEGACAO_GT_01,ID_ALEGACAO,TEXTO_ALEGACAO,DATA_CRIACAO,VERSAO_REGISTRO,IN_SITUACAO_REGISTRO,NM_ULT_ALTERACAO,DT_ULT_ALTERACAO,ID_GRUPO_TRABALHO) 
values
(SEQ_ALEGACAO_GT.nextval,'1',null,SYSDATE,'1','A','CRONOS',SYSDATE,'1');
--
Insert into CRONOS.ALEGACAO_GT
(PK_ALEGACAO_GT_01,ID_ALEGACAO,TEXTO_ALEGACAO,DATA_CRIACAO,VERSAO_REGISTRO,IN_SITUACAO_REGISTRO,NM_ULT_ALTERACAO,DT_ULT_ALTERACAO,ID_GRUPO_TRABALHO)
values
(SEQ_ALEGACAO_GT.nextval,'2',null,SYSDATE,'1','A','CRONOS',SYSDATE,'1');
--
Insert into CRONOS.ALEGACAO_GT
(PK_ALEGACAO_GT_01,ID_ALEGACAO,TEXTO_ALEGACAO,DATA_CRIACAO,VERSAO_REGISTRO,IN_SITUACAO_REGISTRO,NM_ULT_ALTERACAO,DT_ULT_ALTERACAO,ID_GRUPO_TRABALHO)
values
(SEQ_ALEGACAO_GT.nextval,'3',null,SYSDATE,'1','A','CRONOS',SYSDATE,'1');
--
Insert into CRONOS.ALEGACAO_GT
(PK_ALEGACAO_GT_01,ID_ALEGACAO,TEXTO_ALEGACAO,DATA_CRIACAO,VERSAO_REGISTRO,IN_SITUACAO_REGISTRO,NM_ULT_ALTERACAO,DT_ULT_ALTERACAO,ID_GRUPO_TRABALHO)
values
(SEQ_ALEGACAO_GT.nextval,'4',null,SYSDATE,'1','A','CRONOS',SYSDATE,'1');
--
Insert into CRONOS.ALEGACAO_GT
(PK_ALEGACAO_GT_01,ID_ALEGACAO,TEXTO_ALEGACAO,DATA_CRIACAO,VERSAO_REGISTRO,IN_SITUACAO_REGISTRO,NM_ULT_ALTERACAO,DT_ULT_ALTERACAO,ID_GRUPO_TRABALHO)
values
(SEQ_ALEGACAO_GT.nextval,'5',null,SYSDATE,'1','A','CRONOS',SYSDATE,'1');
--
Insert into CRONOS.ALEGACAO_GT
(PK_ALEGACAO_GT_01,ID_ALEGACAO,TEXTO_ALEGACAO,DATA_CRIACAO,VERSAO_REGISTRO,IN_SITUACAO_REGISTRO,NM_ULT_ALTERACAO,DT_ULT_ALTERACAO,ID_GRUPO_TRABALHO)
values
(SEQ_ALEGACAO_GT.nextval,'6',null,SYSDATE,'1','A','CRONOS',SYSDATE,'1');
--
Insert into CRONOS.ALEGACAO_GT
(PK_ALEGACAO_GT_01,ID_ALEGACAO,TEXTO_ALEGACAO,DATA_CRIACAO,VERSAO_REGISTRO,IN_SITUACAO_REGISTRO,NM_ULT_ALTERACAO,DT_ULT_ALTERACAO,ID_GRUPO_TRABALHO)
values
(SEQ_ALEGACAO_GT.nextval,'7',null,SYSDATE,'1','A','CRONOS',SYSDATE,'1');
--
Insert into CRONOS.ALEGACAO_GT
(PK_ALEGACAO_GT_01,ID_ALEGACAO,TEXTO_ALEGACAO,DATA_CRIACAO,VERSAO_REGISTRO,IN_SITUACAO_REGISTRO,NM_ULT_ALTERACAO,DT_ULT_ALTERACAO,ID_GRUPO_TRABALHO)
values
(SEQ_ALEGACAO_GT.nextval,'8',null,SYSDATE,'1','A','CRONOS',SYSDATE,'1');
--
Insert into CRONOS.ALEGACAO_GT
(PK_ALEGACAO_GT_01,ID_ALEGACAO,TEXTO_ALEGACAO,DATA_CRIACAO,VERSAO_REGISTRO,IN_SITUACAO_REGISTRO,NM_ULT_ALTERACAO,DT_ULT_ALTERACAO,ID_GRUPO_TRABALHO)
values
(SEQ_ALEGACAO_GT.nextval,'9',null,SYSDATE,'1','A','CRONOS',SYSDATE,'1');
--
Insert into CRONOS.ALEGACAO_GT
(PK_ALEGACAO_GT_01,ID_ALEGACAO,TEXTO_ALEGACAO,DATA_CRIACAO,VERSAO_REGISTRO,IN_SITUACAO_REGISTRO,NM_ULT_ALTERACAO,DT_ULT_ALTERACAO,ID_GRUPO_TRABALHO)
values
(SEQ_ALEGACAO_GT.nextval,'10',null,SYSDATE,'1','A','CRONOS',SYSDATE,'1');
--
Insert into CRONOS.ALEGACAO_GT
(PK_ALEGACAO_GT_01,ID_ALEGACAO,TEXTO_ALEGACAO,DATA_CRIACAO,VERSAO_REGISTRO,IN_SITUACAO_REGISTRO,NM_ULT_ALTERACAO,DT_ULT_ALTERACAO,ID_GRUPO_TRABALHO)
values
(SEQ_ALEGACAO_GT.nextval,'11',null,SYSDATE,'1','A','CRONOS',SYSDATE,'1');
--
Insert into CRONOS.ALEGACAO_GT
(PK_ALEGACAO_GT_01,ID_ALEGACAO,TEXTO_ALEGACAO,DATA_CRIACAO,VERSAO_REGISTRO,IN_SITUACAO_REGISTRO,NM_ULT_ALTERACAO,DT_ULT_ALTERACAO,ID_GRUPO_TRABALHO)
values
(SEQ_ALEGACAO_GT.nextval,'12',null,SYSDATE,'1','A','CRONOS',SYSDATE,'1');
-------- ALEGACAO ------------------------------------------------
commit;
-------- TÓPICOS -------------------------------------------------
Insert into CRONOS.CATEGORIA_ITEM 
(PK_CATEGORIA_ITEM_01,TITULO,COMPARTILHAR,ID_TIPO_CATEGORIA,ORDEM,ID_GRUPO_TRABALHO,PAI,ID_ICONE,ICONE_PADRAO,DATA_CRIACAO,VERSAO_REGISTRO,IN_SITUACAO_REGISTRO,NM_ULT_ALTERACAO,DT_ULT_ALTERACAO,TIPO,ARVORE,ICONE_PADRAO_COR) 
values
('1',null,'N','1','1','1',null,null,null,SYSDATE,'1','A','CRONOS',SYSDATE,'N','T',null);
-------- TÓPICOS -------------------------------------------------
commit;
-------- MODELOS -------------------------------------------------
Insert into CRONOS.CATEGORIA_ITEM 
(PK_CATEGORIA_ITEM_01,TITULO,COMPARTILHAR,ID_TIPO_CATEGORIA,ORDEM,ID_GRUPO_TRABALHO,PAI,ID_ICONE,ICONE_PADRAO,DATA_CRIACAO,VERSAO_REGISTRO,IN_SITUACAO_REGISTRO,NM_ULT_ALTERACAO,DT_ULT_ALTERACAO,TIPO,ARVORE,ICONE_PADRAO_COR) 
values
('2',null,'N','2','2','1',null,null,null,SYSDATE,'1','A','CRONOS',SYSDATE,'N','M',null);
------------------------------------------------------------------
commit;
-------- MODELOS -------------------------------------------------
Insert into CRONOS.CATEGORIA_ITEM 
(PK_CATEGORIA_ITEM_01,TITULO,COMPARTILHAR,ID_TIPO_CATEGORIA,ORDEM,ID_GRUPO_TRABALHO,PAI,ID_ICONE,ICONE_PADRAO,DATA_CRIACAO,VERSAO_REGISTRO,IN_SITUACAO_REGISTRO,NM_ULT_ALTERACAO,DT_ULT_ALTERACAO,TIPO,ARVORE,ICONE_PADRAO_COR) 
values
(CRONOS.SEQ_CATEGORIA_ITEM.nextval,'Sentença','N','4','1','1','2',null,null,SYSDATE,'1','A','CRONOS',SYSDATE,'N','M',null);
--
Insert into CRONOS.CATEGORIA_ITEM 
(PK_CATEGORIA_ITEM_01,TITULO,COMPARTILHAR,ID_TIPO_CATEGORIA,ORDEM,ID_GRUPO_TRABALHO,PAI,ID_ICONE,ICONE_PADRAO,DATA_CRIACAO,VERSAO_REGISTRO,IN_SITUACAO_REGISTRO,NM_ULT_ALTERACAO,DT_ULT_ALTERACAO,TIPO,ARVORE,ICONE_PADRAO_COR) 
values
(CRONOS.SEQ_CATEGORIA_ITEM.nextval,'Acordão','N','4','2','1','2',null,null,SYSDATE,'1','A','CRONOS',SYSDATE,'N','M',null);
--
Insert into CRONOS.CATEGORIA_ITEM 
(PK_CATEGORIA_ITEM_01,TITULO,COMPARTILHAR,ID_TIPO_CATEGORIA,ORDEM,ID_GRUPO_TRABALHO,PAI,ID_ICONE,ICONE_PADRAO,DATA_CRIACAO,VERSAO_REGISTRO,IN_SITUACAO_REGISTRO,NM_ULT_ALTERACAO,DT_ULT_ALTERACAO,TIPO,ARVORE,ICONE_PADRAO_COR) 
values
(CRONOS.SEQ_CATEGORIA_ITEM.nextval,'Decisão Monocrática','N','4','3','1','2',null,null,SYSDATE,'1','A','CRONOS',SYSDATE,'N','M',null);
--
Insert into CRONOS.CATEGORIA_ITEM 
(PK_CATEGORIA_ITEM_01,TITULO,COMPARTILHAR,ID_TIPO_CATEGORIA,ORDEM,ID_GRUPO_TRABALHO,PAI,ID_ICONE,ICONE_PADRAO,DATA_CRIACAO,VERSAO_REGISTRO,IN_SITUACAO_REGISTRO,NM_ULT_ALTERACAO,DT_ULT_ALTERACAO,TIPO,ARVORE,ICONE_PADRAO_COR) 
values
(CRONOS.SEQ_CATEGORIA_ITEM.nextval,'Voto do Revisor','N','4','4','1','2',null,null,SYSDATE,'1','A','CRONOS',SYSDATE,'N','M',null);
--
Insert into CRONOS.CATEGORIA_ITEM 
(PK_CATEGORIA_ITEM_01,TITULO,COMPARTILHAR,ID_TIPO_CATEGORIA,ORDEM,ID_GRUPO_TRABALHO,PAI,ID_ICONE,ICONE_PADRAO,DATA_CRIACAO,VERSAO_REGISTRO,IN_SITUACAO_REGISTRO,NM_ULT_ALTERACAO,DT_ULT_ALTERACAO,TIPO,ARVORE,ICONE_PADRAO_COR) 
values
(CRONOS.SEQ_CATEGORIA_ITEM.nextval,'Decisão','N','4','5','1','2',null,null,SYSDATE,'1','A','CRONOS',SYSDATE,'N','M',null);
--
Insert into CRONOS.CATEGORIA_ITEM 
(PK_CATEGORIA_ITEM_01,TITULO,COMPARTILHAR,ID_TIPO_CATEGORIA,ORDEM,ID_GRUPO_TRABALHO,PAI,ID_ICONE,ICONE_PADRAO,DATA_CRIACAO,VERSAO_REGISTRO,IN_SITUACAO_REGISTRO,NM_ULT_ALTERACAO,DT_ULT_ALTERACAO,TIPO,ARVORE,ICONE_PADRAO_COR) 
values
(CRONOS.SEQ_CATEGORIA_ITEM.nextval,'Despacho','N','4','6','1','2',null,null,SYSDATE,'1','A','CRONOS',SYSDATE,'N','M',null);
-------- MODELOS -------------------------------------------------
commit;
-------- TAXONOMIA_USUARIO ---------------------------------------
Insert into TAXONOMIA_USUARIO 
(PK_TAXONOMIA_USU_01,ID_GT,ID_USUARIO,ORDEM,DATA_CRIACAO,VERSAO_REGISTRO,IN_SITUACAO_REGISTRO,NM_ULT_ALTERACAO,DT_ULT_ALTERACAO,PERMISSOES,PADRAO)
values 
('1','1','1','1',SYSDATE,'0','A','CRONOS',SYSDATE,'A','S');
-------- TAXONOMIA_USUARIO ---------------------------------------
commit;
-------- TAXONOMIA_USUARIO ---------------------------------------
